Хороший дом	Мы поможем подобрать жилье для жизни, работы или отдыха в любой точке мегаполиса с продуманной инфраструктурой.	2025-05-05T10:25:18.923Z	Dusseldorf	apartment-03.jpg	apartment-04.jpg;apartment-08.jpg;apartment-07.jpg;apartment-small-06.jpg;apartment-small-05.jpg;studio-photos.jpg	true	true	5	House	7	3	31838	Laptop_friendly_workspace,Baby_seat,Washer,Towels,Fridge	Холи Гибни	3	50.938361,6.959974
Простая аренда	Каждый объект отличается высоким уровнем благоустройства и удобным доступом к основным маршрутам общественного транспорта.	2025-05-08T10:25:18.924Z	Paris	apartment-03.jpg	studio-photos.jpg;apartment-05.jpg;apartment-06.jpg;apartment-small-07.jpg;apartment-small-08.jpg;studio-photos.jpg	false	false	3	House	7	8	52274	Towels,Fridge	Антон Городецкий	5	50.846557,4.351697
Домашний уют	Мы поможем подобрать жилье для жизни, работы или отдыха в любой точке мегаполиса с продуманной инфраструктурой.	2025-05-06T10:25:18.924Z	Hamburg	apartment-01.jpg	studio-photos.jpg;apartment-05.jpg;apartment-06.jpg;apartment-small-07.jpg;apartment-small-08.jpg;studio-photos.jpg	false	true	2	Room	6	10	65118	Baby_seat,Washer,Towels,Fridge	Джек Торренс	5	50.938361,6.959974
Хороший дом	Доверившись нашей команде, вы быстро обретёте уютное пространство, полностью отвечающее вашим запросам.	2025-05-05T10:25:18.924Z	Brussels	apartment-02.jpg	studio-photos.jpg;apartment-05.jpg;apartment-06.jpg;apartment-small-07.jpg;apartment-small-08.jpg;studio-photos.jpg	false	true	3	Apartment	6	6	21632	Towels,Fridge	Антон Городецкий	7	50.846557,4.351697
Простая аренда	Каждый объект отличается высоким уровнем благоустройства и удобным доступом к основным маршрутам общественного транспорта.	2025-05-09T10:25:18.924Z	Brussels	apartment-03.jpg	apartment-01.jpg;apartment-02.jpg;apartment-03.jpg;apartment-small-03.jpg;apartment-small-04.jpg;studio-photos.jpg	false	true	3	Apartment	2	4	28801	Towels,Fridge	Антон Городецкий	5	51.225402,6.776314
Домашний уют	Мы поможем подобрать жилье для жизни, работы или отдыха в любой точке мегаполиса с продуманной инфраструктурой.	2025-05-07T10:25:18.924Z	Amsterdam	studio-01.jpg	apartment-02.jpg;apartment-03.jpg;apartment-01.jpg;apartment-small-04.jpg;apartment-small-05.jpg;studio-photos.jpg	true	false	5	Room	7	9	64699	Baby_seat,Washer,Towels,Fridge	Борис Гесер	7	50.938361,6.959974
Комфортная жизнь	В каталоге представлены варианты от компактных студий до просторных таунхаусов и загородных коттеджей.	2025-05-07T10:25:18.924Z	Brussels	studio-01.jpg	apartment-02.jpg;apartment-03.jpg;apartment-01.jpg;apartment-small-04.jpg;apartment-small-05.jpg;studio-photos.jpg	false	false	4	Apartment	5	5	75983	Air_conditioning,Laptop_friendly_workspace,Baby_seat,Washer	Антон Городецкий	1	50.846557,4.351697
Хорошая сделка	В каталоге представлены варианты от компактных студий до просторных таунхаусов и загородных коттеджей.	2025-05-07T10:25:18.924Z	Amsterdam	studio-photos.jpg	apartment-02.jpg;apartment-03.jpg;apartment-01.jpg;apartment-small-04.jpg;apartment-small-05.jpg;studio-photos.jpg	true	false	4	Hotel	7	2	58798	Towels,Fridge	Холи Гибни	5	51.225402,6.776314
Хорошая сделка	Доверившись нашей команде, вы быстро обретёте уютное пространство, полностью отвечающее вашим запросам.	2025-05-06T10:25:18.924Z	Paris	apartment-01.jpg	apartment-01.jpg;apartment-02.jpg;apartment-03.jpg;apartment-small-03.jpg;apartment-small-04.jpg;studio-photos.jpg	true	false	1	Room	7	8	51047	Washer,Towels,Fridge	Борис Гесер	7	51.225402,6.776314
Хорошая сделка	У нас вы найдете современные квартиры и дома в престижных районах города, где удачно сочетаются комфорт и удобства.	2025-05-08T10:25:18.924Z	Hamburg	apartment-01.jpg	apartment-01.jpg;apartment-02.jpg;apartment-03.jpg;apartment-small-03.jpg;apartment-small-04.jpg;studio-photos.jpg	false	false	4	House	7	6	76887	Baby_seat,Washer,Towels,Fridge	Антон Городецкий	10	50.846557,4.351697
